{
  "data": [
    {
      "id": 1,
      "title": "Source of complaint",
      "required": false,
      "is_published": 1,
      "number": 1,
      "type": "text",
      "form_translation_id": 1,
      "answers": [
        {
          "id": 1,
          "title": "Walk-in",
          "number": 1,
          "question_translation_id": 1,
          "analytic_item_id": 1
        },
        {
          "id": 2,
          "title": "Complaints registry",
          "number": 2,
          "question_translation_id": 1,
          "analytic_item_id": 2
        },
        {
          "id": 3,
          "title": "Monitoring department",
          "number": 3,
          "question_translation_id": 1,
          "analytic_item_id": 3
        },
        {
          "id": 4,
          "title": "Call center",
          "number": 4,
          "question_translation_id": 1,
          "analytic_item_id": 4
        },
        {
          "id": 5,
          "title": "Web",
          "number": 5,
          "question_translation_id": 1,
          "analytic_item_id": 5
        },
        {
          "id": 6,
          "title": "Social media",
          "number": 6,
          "question_translation_id": 1,
          "analytic_item_id": 6
        },
        {
          "id": 7,
          "title": "Traditional media",
          "number": 7,
          "question_translation_id": 1,
          "analytic_item_id": 7
        }
      ]
    },
    {
      "id": 2,
      "title": "Victim gender",
      "required": false,
      "is_published": 1,
      "number": 2,
      "type": "text",
      "form_translation_id": 1,
      "answers": [
        {
          "id": 8,
          "title": "Male",
          "number": 1,
          "question_translation_id": 2,
          "analytic_item_id": 8
        },
        {
          "id": 9,
          "title": "Female",
          "number": 2,
          "question_translation_id": 2,
          "analytic_item_id": 9
        }
      ]
    },
    {
      "id": 3,
      "title": "Nature of violation",
      "required": false,
      "is_published": 1,
      "number": 3,
      "type": "text",
      "form_translation_id": 1,
      "answers": [
        {
          "id": 10,
          "title": "Women/gender rights",
          "number": 1,
          "question_translation_id": 3,
          "analytic_item_id": 10
        },
        {
          "id": 11,
          "title": "Right of the child",
          "number": 2,
          "question_translation_id": 3,
          "analytic_item_id": 11
        },
        {
          "id": 12,
          "title": "Economic and socio-cultural rights",
          "number": 3,
          "question_translation_id": 3,
          "analytic_item_id": 12
        },
        {
          "id": 13,
          "title": "Civil and political rights",
          "number": 4,
          "question_translation_id": 3,
          "analytic_item_id": 13
        },
        {
          "id": 14,
          "title": "Environment, niger delta and development",
          "number": 5,
          "question_translation_id": 3,
          "analytic_item_id": 14
        },
        {
          "id": 15,
          "title": "Discrimination",
          "number": 6,
          "question_translation_id": 3,
          "analytic_item_id": 15
        },
        {
          "id": 16,
          "title": "Vulnerable person",
          "number": 7,
          "question_translation_id": 3,
          "analytic_item_id": 16
        }
      ]
    },
    {
      "id": 4,
      "title": "Class of violation",
      "required": false,
      "is_published": 1,
      "number": 4,
      "type": "text",
      "form_translation_id": 1,
      "answers": [
        {
          "id": 17,
          "title": "Sexual violence",
          "number": 1,
          "question_translation_id": 4,
          "analytic_item_id": 17
        },
        {
          "id": 18,
          "title": "Domestic violence",
          "number": 2,
          "question_translation_id": 4,
          "analytic_item_id": 18
        },
        {
          "id": 19,
          "title": "Rape",
          "number": 3,
          "question_translation_id": 4,
          "analytic_item_id": 19
        },
        {
          "id": 20,
          "title": "Harmful cultural practices",
          "number": 4,
          "question_translation_id": 4,
          "analytic_item_id": 20
        },
        {
          "id": 21,
          "title": "Trafficking",
          "number": 5,
          "question_translation_id": 4,
          "analytic_item_id": 21
        },
        {
          "id": 22,
          "title": "Forced marriage",
          "number": 6,
          "question_translation_id": 4,
          "analytic_item_id": 22
        },
        {
          "id": 23,
          "title": "Inheritance",
          "number": 7,
          "question_translation_id": 4,
          "analytic_item_id": 23
        },
        {
          "id": 24,
          "title": "Sexual and reproductive rights",
          "number": 8,
          "question_translation_id": 4,
          "analytic_item_id": 24
        },
        {
          "id": 25,
          "title": "Abandonment of wife/family",
          "number": 9,
          "question_translation_id": 4,
          "analytic_item_id": 25
        },
        {
          "id": 26,
          "title": "Custody/access to children",
          "number": 10,
          "question_translation_id": 4,
          "analytic_item_id": 26
        },
        {
          "id": 27,
          "title": "Right to survival and development",
          "number": 11,
          "question_translation_id": 4,
          "analytic_item_id": 27
        },
        {
          "id": 28,
          "title": "Child labour",
          "number": 12,
          "question_translation_id": 4,
          "analytic_item_id": 28
        },
        {
          "id": 29,
          "title": "Right to education",
          "number": 13,
          "question_translation_id": 4,
          "analytic_item_id": 29
        },
        {
          "id": 30,
          "title": "Child marriage",
          "number": 14,
          "question_translation_id": 4,
          "analytic_item_id": 30
        },
        {
          "id": 31,
          "title": "Child trafficking",
          "number": 15,
          "question_translation_id": 4,
          "analytic_item_id": 31
        },
        {
          "id": 32,
          "title": "Physical abuse",
          "number": 16,
          "question_translation_id": 4,
          "analytic_item_id": 32
        },
        {
          "id": 33,
          "title": "Psychological maltreatment",
          "number": 17,
          "question_translation_id": 4,
          "analytic_item_id": 33
        },
        {
          "id": 34,
          "title": "Female genital mutilation",
          "number": 18,
          "question_translation_id": 4,
          "analytic_item_id": 34
        },
        {
          "id": 35,
          "title": "Labour rights",
          "number": 19,
          "question_translation_id": 4,
          "analytic_item_id": 35
        },
        {
          "id": 36,
          "title": "Right to health",
          "number": 20,
          "question_translation_id": 4,
          "analytic_item_id": 36
        },
        {
          "id": 37,
          "title": "Right to food",
          "number": 21,
          "question_translation_id": 4,
          "analytic_item_id": 37
        },
        {
          "id": 38,
          "title": "Right to shelter",
          "number": 22,
          "question_translation_id": 4,
          "analytic_item_id": 38
        },
        {
          "id": 39,
          "title": "Right to private and family life",
          "number": 23,
          "question_translation_id": 4,
          "analytic_item_id": 39
        },
        {
          "id": 40,
          "title": "Wrongful termination and dismissal from employment",
          "number": 24,
          "question_translation_id": 4,
          "analytic_item_id": 40
        },
        {
          "id": 41,
          "title": "Non-payment of benefits/entitlement",
          "number": 25,
          "question_translation_id": 4,
          "analytic_item_id": 41
        },
        {
          "id": 42,
          "title": "Unlawful arrest and detention",
          "number": 26,
          "question_translation_id": 4,
          "analytic_item_id": 42
        },
        {
          "id": 43,
          "title": "Extortion/unlawful seizure of properties",
          "number": 27,
          "question_translation_id": 4,
          "analytic_item_id": 43
        },
        {
          "id": 44,
          "title": "Cruel inhuman and degrading treatment",
          "number": 28,
          "question_translation_id": 4,
          "analytic_item_id": 44
        },
        {
          "id": 45,
          "title": "Toture",
          "number": 29,
          "question_translation_id": 4,
          "analytic_item_id": 45
        },
        {
          "id": 46,
          "title": "Extra-judicial killing",
          "number": 30,
          "question_translation_id": 4,
          "analytic_item_id": 46
        },
        {
          "id": 47,
          "title": "Appeal for prerogative of mercy",
          "number": 31,
          "question_translation_id": 4,
          "analytic_item_id": 47
        },
        {
          "id": 48,
          "title": "Enforced disappearance",
          "number": 32,
          "question_translation_id": 4,
          "analytic_item_id": 48
        },
        {
          "id": 49,
          "title": "Participation in political affairs",
          "number": 33,
          "question_translation_id": 4,
          "analytic_item_id": 49
        },
        {
          "id": 50,
          "title": "Rights to freedom of religion thought and conscience",
          "number": 34,
          "question_translation_id": 4,
          "analytic_item_id": 50
        },
        {
          "id": 51,
          "title": "Rights to peaceful assembly/association",
          "number": 35,
          "question_translation_id": 4,
          "analytic_item_id": 51
        },
        {
          "id": 52,
          "title": "Threat to life",
          "number": 36,
          "question_translation_id": 4,
          "analytic_item_id": 52
        },
        {
          "id": 53,
          "title": "Rights to fair hearing",
          "number": 37,
          "question_translation_id": 4,
          "analytic_item_id": 53
        },
        {
          "id": 54,
          "title": "Access to justice/disobedience of court order/judgements",
          "number": 38,
          "question_translation_id": 4,
          "analytic_item_id": 54
        },
        {
          "id": 55,
          "title": "Delay in dourt trail",
          "number": 39,
          "question_translation_id": 4,
          "analytic_item_id": 55
        },
        {
          "id": 56,
          "title": "Abuse of Power",
          "number": 40,
          "question_translation_id": 4,
          "analytic_item_id": 56
        },
        {
          "id": 57,
          "title": "Land and landed properties",
          "number": 41,
          "question_translation_id": 4,
          "analytic_item_id": 57
        },
        {
          "id": 58,
          "title": "Online harassment",
          "number": 42,
          "question_translation_id": 4,
          "analytic_item_id": 58
        },
        {
          "id": 59,
          "title": "Wrongful shutdown",
          "number": 43,
          "question_translation_id": 4,
          "analytic_item_id": 59
        },
        {
          "id": 60,
          "title": "Intimidation",
          "number": 44,
          "question_translation_id": 4,
          "analytic_item_id": 60
        },
        {
          "id": 61,
          "title": "Murder",
          "number": 45,
          "question_translation_id": 4,
          "analytic_item_id": 61
        },
        {
          "id": 62,
          "title": "Ethnic discrimination",
          "number": 46,
          "question_translation_id": 4,
          "analytic_item_id": 62
        },
        {
          "id": 63,
          "title": "Religious discrimination",
          "number": 47,
          "question_translation_id": 4,
          "analytic_item_id": 63
        },
        {
          "id": 64,
          "title": "Circumstances of Birth",
          "number": 48,
          "question_translation_id": 4,
          "analytic_item_id": 64
        },
        {
          "id": 65,
          "title": "Gender based",
          "number": 49,
          "question_translation_id": 4,
          "analytic_item_id": 65
        },
        {
          "id": 66,
          "title": "Medical condition",
          "number": 50,
          "question_translation_id": 4,
          "analytic_item_id": 66
        },
        {
          "id": 67,
          "title": "Disability",
          "number": 51,
          "question_translation_id": 4,
          "analytic_item_id": 67
        },
        {
          "id": 68,
          "title": "Other",
          "number": 52,
          "question_translation_id": 4,
          "analytic_item_id": 68
        },
        {
          "id": 69,
          "title": "Denial of compensation/benefits",
          "number": 53,
          "question_translation_id": 4,
          "analytic_item_id": 69
        },
        {
          "id": 70,
          "title": "Unsafe management and disposal of toxic wastes",
          "number": 54,
          "question_translation_id": 4,
          "analytic_item_id": 70
        },
        {
          "id": 71,
          "title": "Deforestation",
          "number": 55,
          "question_translation_id": 4,
          "analytic_item_id": 71
        },
        {
          "id": 72,
          "title": "Oil spillage",
          "number": 56,
          "question_translation_id": 4,
          "analytic_item_id": 72
        },
        {
          "id": 73,
          "title": "Gas flaring",
          "number": 57,
          "question_translation_id": 4,
          "analytic_item_id": 73
        },
        {
          "id": 74,
          "title": "Persons with disability",
          "number": 58,
          "question_translation_id": 4,
          "analytic_item_id": 74
        },
        {
          "id": 75,
          "title": "The elderly",
          "number": 59,
          "question_translation_id": 4,
          "analytic_item_id": 75
        },
        {
          "id": 76,
          "title": "Internally displaced persons",
          "number": 60,
          "question_translation_id": 4,
          "analytic_item_id": 76
        },
        {
          "id": 77,
          "title": "Refugees",
          "number": 61,
          "question_translation_id": 4,
          "analytic_item_id": 77
        },
        {
          "id": 78,
          "title": "Migrants",
          "number": 62,
          "question_translation_id": 4,
          "analytic_item_id": 78
        },
        {
          "id": 79,
          "title": "Asylum seekers",
          "number": 63,
          "question_translation_id": 4,
          "analytic_item_id": 79
        }
      ]
    },
    {
      "id": 5,
      "title": "Alleged violator's gender",
      "required": false,
      "is_published": 1,
      "number": 5,
      "type": "text",
      "form_translation_id": 1,
      "answers": [
        {
          "id": 80,
          "title": "Male",
          "number": 1,
          "question_translation_id": 5,
          "analytic_item_id": 8
        },
        {
          "id": 81,
          "title": "Female",
          "number": 2,
          "question_translation_id": 5,
          "analytic_item_id": 9
        }
      ]
    },
    {
      "id": 6,
      "title": "Alleged violator's designation/affiliation",
      "required": false,
      "is_published": 1,
      "number": 6,
      "type": "text",
      "form_translation_id": 1,
      "answers": [
        {
          "id": 82,
          "title": "State actors",
          "number": 1,
          "question_translation_id": 6,
          "analytic_item_id": 80
        },
        {
          "id": 83,
          "title": "Non state actors",
          "number": 2,
          "question_translation_id": 6,
          "analytic_item_id": 81
        },
        {
          "id": 84,
          "title": "Individual",
          "number": 3,
          "question_translation_id": 6,
          "analytic_item_id": 82
        }
      ]
    },
    {
      "id": 7,
      "title": "Alleged violator's designation class",
      "required": false,
      "is_published": 1,
      "number": 7,
      "type": "text",
      "form_translation_id": 1,
      "answers": [
        {
          "id": 85,
          "title": "Security agency",
          "number": 1,
          "question_translation_id": 7,
          "analytic_item_id": 83
        },
        {
          "id": 86,
          "title": "Regulatory body",
          "number": 2,
          "question_translation_id": 7,
          "analytic_item_id": 84
        },
        {
          "id": 87,
          "title": "Ministry",
          "number": 3,
          "question_translation_id": 7,
          "analytic_item_id": 85
        },
        {
          "id": 88,
          "title": "Department",
          "number": 4,
          "question_translation_id": 7,
          "analytic_item_id": 86
        },
        {
          "id": 89,
          "title": "Agency",
          "number": 5,
          "question_translation_id": 7,
          "analytic_item_id": 87
        },
        {
          "id": 90,
          "title": "Private sector",
          "number": 6,
          "question_translation_id": 7,
          "analytic_item_id": 88
        },
        {
          "id": 91,
          "title": "Academic",
          "number": 7,
          "question_translation_id": 7,
          "analytic_item_id": 89
        },
        {
          "id": 92,
          "title": "Health",
          "number": 8,
          "question_translation_id": 7,
          "analytic_item_id": 90
        },
        {
          "id": 93,
          "title": "Citizens",
          "number": 9,
          "question_translation_id": 7,
          "analytic_item_id": 91
        }
      ]
    },
    {
      "id": 8,
      "title": "Alleged violator's LGA",
      "required": false,
      "is_published": 1,
      "number": 8,
      "type": "text",
      "form_translation_id": 1,
      "answers": []
    },
    {
      "id": 9,
      "title": "Victim State",
      "required": false,
      "is_published": 1,
      "number": 9,
      "type": "text",
      "form_translation_id": 1,
      "answers": []
    },
    {
      "id": 10,
      "title": "Victim LGA",
      "required": false,
      "is_published": 1,
      "number": 10,
      "type": "text",
      "form_translation_id": 1,
      "answers": []
    },
    {
      "id": 11,
      "title": "Alleged violator's State",
      "required": false,
      "is_published": 1,
      "number": 11,
      "type": "text",
      "form_translation_id": 1,
      "answers": []
    },
    {
      "id": 12,
      "title": "State of incident",
      "required": false,
      "is_published": 1,
      "number": 12,
      "type": "text",
      "form_translation_id": 1,
      "answers": []
    },
    {
      "id": 13,
      "title": "LGA of incident",
      "required": false,
      "is_published": 1,
      "number": 13,
      "type": "text",
      "form_translation_id": 1,
      "answers": []
    }
  ]
}
